FORE_data,t2m_obs,rh2m_obs,w10m_obs,t2m_prophet,rh2m_prophet,w10m_prophet,t2m_M,rh2m_M,w10m_M,t2m_seq2seq_global,rh2m_seq2seq_global,w10m_seq2seq_global
90001_00,13.6,44.0,0.9,10.879428400110982,57.16195981450775,1.5845956591630892,15.9265,41.5555,1.6470001,13.6,44.0,0.9
90001_01,15.4,39.0,1.1,11.82288472845474,54.00774274611802,1.8049610729335248,15.671,40.278,2.3935,15.4,39.0,1.1
90001_02,16.4,38.0,1.4,12.491832224388965,52.10875341079336,1.943420518179912,16.8605,39.735,2.832,16.4,38.0,1.4
90001_03,17.3,38.0,1.7,13.036099670085461,50.67573734281263,1.9910833468027087,17.650501000000006,39.15,3.3195,17.3,38.0,1.7
90001_04,17.3,40.0,1.5,13.357363448592533,49.802253984206246,1.9341177586194,17.7835,40.1725,3.009,16.954998016357422,38.643104553222656,1.6677831411361694
90001_05,16.7,42.0,2.0,13.190972826892702,50.341627881510895,1.7652961762829162,17.6865,41.832,2.5345001,16.168750762939453,44.61697387695313,1.3166766166687012
90001_06,14.8,48.0,1.7,12.371821085656974,52.97490448313515,1.5106344300782888,14.1615,52.2455,1.031,14.160058975219727,55.76117324829102,0.9631060957908629
90001_07,10.6,66.0,1.3,11.027686361557805,57.397702287802886,1.238136815957385,13.028,55.9065,1.907,11.93259048461914,66.99539947509766,0.8913766741752625
90001_08,11.9,58.0,1.8,9.522077421347415,62.39524294113428,1.0289768417964318,12.5060005,57.193497,2.2810001,10.255361557006836,74.407958984375,0.9193673133850098
90001_09,11.7,58.0,2.0,8.208312619409782,66.70252178064472,0.9285609592514484,11.805,60.559,2.15,9.050182342529297,79.0987777709961,0.9918021559715272
90001_10,11.5,58.0,1.5,7.222329640611527,69.82731836692182,0.9186514961942136,11.8015,61.369003,3.0395,8.29679012298584,81.7160873413086,1.134372353553772
90001_11,11.5,56.0,2.2,6.481990882010387,72.12361615395432,0.9365513803638568,11.9375,61.9265,3.569,7.909228801727295,83.3729019165039,1.2295022010803225
90001_12,9.4,64.0,1.9,5.850204418018737,74.17829370451338,0.9258942630248556,11.669001,63.5875,3.4475002,7.612987518310548,84.4054946899414,1.2320842742919922
90001_13,6.5,77.0,1.5,5.2747238664647,76.20980698803942,0.8752183019091238,11.291,67.457,3.3960000000000004,7.383188724517822,85.02251434326172,1.221725583076477
90001_14,5.6,81.0,1.5,4.776131881403097,78.05433149471506,0.8128814454501995,11.061,66.808,3.306,7.172175884246826,85.29264068603516,1.1859511137008667
90001_15,4.5,85.0,1.0,4.3408491727493415,79.61197989979993,0.7683715758980498,10.189,66.329,2.647,6.8526268005371085,85.41278076171875,1.1315228939056396
90001_16,4.1,86.0,0.7,3.884143741589993,81.1118899614069,0.7407319066679781,9.865,65.465,2.547,6.514249801635742,85.66572570800781,1.12418532371521
90001_17,3.4,88.0,0.4,3.3621630965772447,82.78115697879807,0.7053672568074854,9.584,66.024,2.652,6.2266597747802725,86.36626434326172,1.1562975645065308
90001_18,2.9,91.0,0.5,2.924465601075924,84.22758495257776,0.6508705585223207,9.277,67.449,2.747,6.034737586975098,87.51628112792969,1.1761914491653442
90001_19,2.7,94.0,0.6,2.9157772942606686,84.28329186612804,0.6069131373661573,9.06,68.16199999999999,2.596,5.9351863861083975,88.37466430664062,1.1784427165985107
90001_20,2.8,94.0,0.8,3.6617313116503936,81.69182117127399,0.6325027898264329,8.793,69.405,2.537,6.200276851654053,87.73422241210938,1.2072559595108032
90001_21,4.3,94.0,0.55,5.194394826671042,76.16993192438176,0.7724197613179826,12.055,58.452,2.8560000000000003,7.3377113342285165,83.82279205322266,1.2329916954040527
90001_22,8.4,77.0,0.3,7.165264277865852,68.89158486579758,1.0203786042419458,14.813,47.882,2.417,9.480579376220703,73.99050903320312,1.2699847221374512
90001_23,12.5,59.0,0.7000000000000001,9.047724739240591,61.864201083681934,1.3208034637906891,15.755999999999998,43.57100000000001,2.787,12.004441261291506,62.58129119873047,1.4167418479919434
90001_24,15.1,50.0,1.1,10.472782994092713,56.64943892468494,1.6046678997275448,16.338001000000002,48.7265,3.057,14.04938793182373,54.78013229370117,1.6046332120895386
90001_25,16.7,45.0,0.6,11.415804270231387,53.49666736106762,1.8250697441812973,15.9904995,46.802498,2.73,15.15377426147461,49.26949691772461,1.7282840013504028
90001_26,17.5,41.0,2.1,12.0843212999572,51.599120308835275,1.9635653346014759,17.1805,43.87600000000001,2.8795,16.118741989135742,45.3438720703125,1.883599042892456
90001_27,17.9,40.0,1.4,12.628162885136767,50.16754319904639,2.0112640230124867,18.006,41.6195,3.672,16.949506759643555,42.487388610839844,2.121880292892456
90001_28,18.357,39.456497,3.701,12.949005428381419,49.29549537063565,1.9543340093939248,18.357,39.456497,3.701,17.198881149291992,42.05459213256836,2.1660070419311523
90001_29,18.2285,39.051003,2.8425,12.78219821594525,49.83630126762374,1.7855477165365985,18.2285,39.051003,2.8425,16.623908996582028,47.28185653686523,1.7798593044281006
90001_30,14.7125,48.736,1.1505,11.962634547575009,52.471006236162566,1.5309209749007708,14.7125,48.736,1.1505,14.789841651916506,58.10606002807617,1.1046481132507324
90001_31,13.514999,53.03700300000001,1.035,10.618092578822283,56.89522867299151,1.2584580805932208,13.514999,53.03700300000001,1.035,12.718426704406738,69.09946441650389,0.8071186542510986
90001_32,12.96,54.512,1.719,9.11208109501706,61.89419012238629,1.0493325416623382,12.96,54.512,1.719,11.242070198059082,76.35843658447266,0.8327981233596802
90001_33,12.599,55.5415,2.279,7.797918468910493,66.20288582085645,0.9489508099386932,12.599,55.5415,2.279,10.253866195678713,80.24583435058594,0.9599232077598572
90001_34,12.2015,57.0745,2.4930000000000003,6.811542403492664,69.32909522843397,0.939075213475098,12.2015,57.0745,2.4930000000000003,9.554469108581543,82.58501434326172,1.06884503364563
90001_35,12.269,58.86,2.9695,6.0708153137726475,71.62680169872694,0.9570086801918288,12.269,58.86,2.9695,9.13956356048584,84.3123779296875,1.154277801513672
90001_36,12.2295,62.303,3.137,5.438645291814451,73.68288369478826,0.9463848615478744,12.2295,62.303,3.137,9.015091896057127,85.6633071899414,1.146468997001648
90002_00,11.9,53.0,1.5,11.118020656750982,54.726189220004436,1.6541487746679573,14.0135,46.7625,1.119,11.9,53.0,1.5
90002_01,13.3,48.0,1.7,12.124096767405502,51.856083106117794,1.799576895069564,13.435498999999998,45.556,1.394,13.3,48.0,1.7
90002_02,14.3,46.0,0.7,12.946525247959453,49.813937121664885,1.9592770038365512,14.915501,44.1675,1.921,14.3,46.0,0.7
90002_03,15.5,46.0,1.5,13.600220284396059,48.22844717321888,2.111081949177068,16.0435,43.9785,2.095,15.5,46.0,1.5
90002_04,15.9,44.0,1.6,13.953907626453116,47.331702397892144,2.183217824525172,16.9945,43.1535,2.1075,15.65599250793457,43.51313781738281,1.5538947582244873
90002_05,15.9,46.0,2.0,13.81999195583924,47.775977671923116,2.106125432430052,17.052,46.4515,1.5095,15.369725227355955,50.67132949829102,1.3530831336975098
90002_06,13.9,58.0,0.7,13.133595575884874,49.97828687350151,1.8759168379537847,13.659,53.097,1.0935,13.677903175354006,60.92806625366211,1.1749075651168823
90002_07,11.1,71.0,0.55,12.048278227233752,53.626373619137524,1.570802022627403,12.3029995,57.114998,1.5755,11.75448226928711,69.98458099365234,1.097240686416626
90002_08,9.6,77.0,0.4,10.855756276436491,57.802735024140866,1.3020591483668191,11.3675,60.1165,1.5350001,10.407684326171877,75.47016143798828,1.0297867059707642
90002_09,8.6,84.0,0.5,9.801931465483367,61.5912760507438,1.1398093089765835,10.9435005,62.9475,1.4094999,9.546130180358887,79.60543823242188,0.9893318414688109
90002_10,8.5,83.0,1.3,8.961314614069023,64.60520204125693,1.075725145859032,10.8545,65.3655,1.6784999,8.989882469177246,82.17866516113281,0.986215114593506
90002_11,7.9,83.0,0.9,8.264915105480389,67.00593861529683,1.0498047473324466,10.7355,64.75399999999999,1.5120001,8.530648231506348,84.1172866821289,0.9777420163154602
90002_12,7.0,87.0,1.3,7.626753512446593,69.10269160518197,1.0106508921293953,10.0060005,69.149,1.6315,8.073050498962402,85.99147033691406,0.9671794772148132
90002_13,6.6,88.0,1.3,7.032186905725973,70.99501238469469,0.9529207164913054,9.14,76.917,1.5659999999999998,7.687510967254639,87.65694427490234,0.9358709454536438
90002_14,6.5,86.0,1.3,6.5127371105580485,72.59132873516779,0.9038124256690352,8.566,81.92,1.134,7.3946290016174325,88.62630462646484,0.892487108707428
90002_15,6.1,87.0,0.6,6.064597997656299,73.87782715533744,0.8820399697165715,8.103,82.616,1.09,7.12060546875,89.20879364013672,0.8785199522972107
90002_16,5.4,90.0,1.4,5.629161806337193,75.0287735629543,0.8762615297195656,7.681,84.67299999999999,1.207,6.909127235412598,89.75199890136719,0.8837198615074158
90002_17,5.1,89.0,0.5,5.179342626752324,76.14649780310882,0.8643118325610925,7.318,84.75399999999998,1.045,6.800607204437256,89.77998352050781,0.8960481882095337
90002_18,5.1,89.0,0.6,4.825144239380308,76.88386063757453,0.8487767467152711,6.9,84.335,1.296,6.694769859313965,89.52484130859375,0.9081512093544006
90002_19,4.8,91.0,1.5,4.807619664777193,76.42309649417808,0.8665861684857963,6.394,83.917,1.018,6.4346771240234375,89.49823760986328,0.920045018196106
90002_20,4.7,91.0,1.2,5.348103913216555,73.98891842802331,0.9584091099620952,5.834,87.823,1.195,6.43049955368042,88.41748809814453,1.026518940925598
90002_21,5.9,90.0,0.8,6.467630893964246,69.52622923663978,1.12771114973745,8.065,78.209,2.048,7.054930686950684,85.32128143310547,1.118466854095459
90002_22,8.2,80.0,1.3,7.939213888451679,63.9289025288129,1.3326576517380866,9.483,72.414,1.208,8.322366714477539,79.16586303710938,1.1403286457061768
90002_23,10.8,66.0,0.7,9.426123979761636,58.550650944854155,1.521563719010676,11.032,66.255,1.534,9.96583652496338,69.60129547119139,1.1676119565963743
90002_24,12.7,59.0,1.2,10.69117251909634,54.368702110081045,1.6769949920230327,14.592999,56.5425,1.2455001,12.036584854125975,63.13127517700195,1.241698145866394
90002_25,14.0,56.0,2.0,11.696749308062534,51.50009082586927,1.822432000736819,14.022,54.472,1.6965001,13.334110260009766,58.91099548339844,1.3667999505996704
90002_26,15.7,50.0,1.8,12.518683637289822,49.45943435032145,1.982140469377076,15.239,50.941498,1.7995,14.148900985717773,54.23867416381836,1.5547548532485962
90002_27,16.3,47.0,2.4,13.17188971483633,47.87542848456418,2.133953247382091,16.4365,47.61,2.3845,15.239215850830078,51.09497833251953,1.8535529375076292
90002_28,17.585,42.648003,2.925,13.525093312407293,46.980162260311715,2.206096429465719,17.585,42.648003,2.925,16.185182571411133,50.1507453918457,2.1780931949615483
90002_29,17.886,41.778,2.132,13.39069913339135,47.425910448925855,2.129010819466742,17.886,41.778,2.132,16.099248886108402,54.34683227539063,1.9701735973358157
90002_30,14.8485,47.1925,0.8555,12.703829502556136,49.6296868240032,1.8988084837700776,14.8485,47.1925,0.8555,14.494710922241213,61.51628112792969,1.3839902877807615
90002_31,13.5130005,54.398003,1.405,11.618044181768875,53.27923489775549,1.5936994052364943,13.5130005,54.398003,1.405,12.583343505859375,70.12061309814453,1.0931476354599001
90002_32,12.275499,59.9635,1.6885,10.425059558521298,57.457051681726035,1.324961747139042,12.275499,59.9635,1.6885,11.294798851013185,76.31329345703125,1.019004225730896
90002_33,11.842,61.012,1.62,9.370777395512787,61.24704203471479,1.162716604659315,11.842,61.012,1.62,10.55672550201416,79.55754852294922,1.0145169496536257
90002_34,11.957001,59.905502,1.64,8.529708532897462,64.26241119600449,1.0986366206016438,11.957001,59.905502,1.64,10.055410385131836,81.47926330566406,1.0086607933044434
90002_35,11.5975,60.433,1.5350001,7.832862374205017,66.66458468242499,1.0727198846991783,11.5975,60.433,1.5350001,9.618856430053713,83.02898406982422,1.0033732652664185
90002_36,11.065001,63.314003,1.6665,7.194259512129973,68.76276822406354,1.033569177126601,11.065001,63.314003,1.6665,9.36008071899414,84.62730407714844,1.0228558778762815
90003_00,10.5,37.0,1.2,9.7673068557491,47.2811830250561,2.8883891107729482,13.9575,39.2265,2.02,10.5,37.0,1.2
90003_01,13.1,35.0,2.2,10.973111229102974,44.02076089526523,3.093587385647615,14.0655,38.086998,2.8505,13.1,35.0,2.2
90003_02,13.9,38.0,2.7,11.794349893701543,42.18247394326143,3.3075047724142186,15.2325,39.6135,4.1435,13.9,38.0,2.7
90003_03,15.4,38.0,2.7,12.292461273543037,41.220629900126,3.4858037599373817,15.6495,41.0825,4.8365,15.4,38.0,2.7
90003_04,15.6,39.0,3.0,12.41903247372685,41.037106691181,3.5521354997157166,15.6055,43.5595,5.232,14.957776069641113,37.39717102050781,5.057401180267334
90003_05,14.4,44.0,4.6,12.066680401067975,41.949001059658436,3.4473896800392865,14.865,47.320503,4.651,14.056894302368164,41.86931228637695,5.046826362609863
90003_06,13.2,47.0,3.8,11.221384581630476,44.173257692138776,3.1749140841893166,12.271,56.0955,3.2150002,12.265229225158693,48.46530532836914,4.360745906829834
90003_07,11.6,52.0,1.9,10.049320178235977,47.4095248310965,2.8049454587776186,10.7765,61.648,2.401,10.381627082824707,55.58147430419922,3.5823421478271484
90003_08,10.1,59.0,0.9,8.821707792806414,50.95009325805553,2.4349746939477503,9.839,66.5065,1.6270001,9.05096435546875,61.24996566772461,2.822861194610596
90003_09,8.9,63.0,1.0,7.7451010150983715,54.18462279059585,2.137882709478392,9.283,70.3575,1.2105,8.212928771972656,65.37129211425781,2.2178936004638667
90003_10,8.9,64.0,1.1,6.855624714079611,56.97939572640276,1.9357368667335848,8.8955,72.44800000000002,1.277,7.591847896575928,68.72026824951172,1.8425550460815432
90003_11,7.4,70.0,0.6,6.066179910802879,59.573972470046435,1.8112900523239264,8.649,76.1475,2.2765,7.1783552169799805,71.65180969238281,1.692499756813049
90003_12,6.0,75.0,0.7,5.3015947659843405,62.156255224458654,1.737533270461863,8.6165,77.361,2.85,6.811063766479492,74.04856872558594,1.6199835538864136
90003_13,4.7,81.0,0.8,4.577112550052127,64.59866524317107,1.696851850348816,7.791,80.74,2.517,6.369169235229492,75.86516571044922,1.5469871759414673
90003_14,4.4,82.0,0.7,3.949256370037477,66.63120108809541,1.6796750256492348,7.53,80.89,2.187,5.984683513641357,76.90418243408203,1.50896155834198
90003_15,3.8,84.0,1.758,3.4141156910915287,68.21989912924346,1.6759364504835677,7.2,80.23,1.758,5.6592936515808105,77.7160415649414,1.4823352098464966
90003_16,3.2,87.0,1.199,2.890281663973484,69.66116680947086,1.676806413134347,6.888,79.825,1.199,5.30292272567749,78.84883117675781,1.4406787157058716
90003_17,2.7,89.0,0.8370000000000001,2.332541391063552,71.18966156490582,1.6870560950174782,6.36,80.383,0.8370000000000001,4.982136249542236,79.60557556152344,1.4153372049331665
90003_18,2.2,90.0,0.833,1.8695081442424435,72.45201295159097,1.7311165359637983,6.11,79.533,0.833,4.719409942626953,79.77393341064453,1.4326813220977783
90003_19,2.0,92.0,0.5665,1.8053687210629616,72.43805743748298,1.839132232117424,6.039,77.914,0.63,4.452164173126222,79.7655258178711,1.506672739982605
90003_20,1.7,92.0,0.3,2.439211004658376,70.09339267431507,2.020908253138741,6.09,76.982,1.084,4.417625427246094,79.51827239990234,1.656792402267456
90003_21,2.8,90.0,0.6,3.8328478793893535,65.18061371850551,2.2523060696561727,9.222,72.178,1.492,5.494095325469972,75.6037826538086,1.8508868217468264
90003_22,6.2,75.0,1.5,5.725385166005966,58.64967665259596,2.49045885472238,12.03,58.587,1.36,7.823758602142334,65.73647308349611,2.077054262161255
90003_23,9.5,61.0,1.7,7.6760332612874675,52.15119047882578,2.706636206471504,13.491,53.06,2.285,10.423212051391602,54.43917465209961,2.4013235569000244
90003_24,12.7,52.0,1.1,9.319478536226912,47.06107738364538,2.9057295910987966,15.1095,49.233,2.3545,12.541364669799805,45.67738723754883,2.772297143936157
90003_25,15.3,45.0,3.8,10.524708515037137,43.80290522384097,3.1109502889485654,15.0494995,44.622,4.2530003,13.803338050842285,41.00133895874024,3.488233089447021
90003_26,16.5,39.0,4.9,11.345377885832958,41.96686095242404,3.3248895780612284,15.5765,43.832,4.8485003,14.61552619934082,39.25094223022461,4.087641716003418
90003_27,16.7,37.0,6.4,11.842925093270571,41.007252193194105,3.5032099457475336,15.973,43.627502,5.2435,15.194791793823242,38.32383728027344,4.617388725280762
90003_28,15.808,45.098,5.4565,11.968937263020171,40.825956764316686,3.5695625420118944,15.808,45.098,5.4565,15.137894630432127,40.21630859375,4.87946081161499
90003_29,14.941999,49.2215,4.941,11.61603132214362,41.74007130254322,3.4648370536453377,14.941999,49.2215,4.941,14.150521278381348,44.446868896484375,4.729532718658447
90003_30,12.4,60.27950300000001,3.0010000000000003,10.77018681676896,43.96654038825552,3.1923812624732704,12.4,60.27950300000001,3.0010000000000003,12.405878067016602,50.415199279785156,4.139734745025635
90003_31,11.2815,62.6055,2.4930000000000003,9.597578929556745,47.205012158095705,2.8224319136496563,11.2815,62.6055,2.4930000000000003,10.846914291381836,56.6173095703125,3.486276865005493
90003_32,10.397,65.733,1.3085,8.369428281992871,50.747777288374216,2.4524798958847103,10.397,65.733,1.3085,9.874418258666992,61.3917007446289,2.8549797534942627
90003_33,9.713,68.658,0.588,7.292288483175651,53.98449549186178,2.155406127543848,9.713,68.658,0.588,9.222854614257812,64.90343475341797,2.3932204246521
90003_34,9.294,70.1485,0.92999995,6.402284421166987,56.781448961941365,1.9532779686010155,9.294,70.1485,0.92999995,8.736434936523438,67.79530334472656,2.0672848224639893
90003_35,9.29,69.9335,1.2055,5.6123171359249975,59.37819799912111,1.8288483042894503,9.29,69.9335,1.2055,8.38017749786377,70.25017547607422,1.8052070140838623
90003_36,9.0715,70.3215,1.246,4.8472148067935805,61.96264470292481,1.755108137466479,9.0715,70.3215,1.246,8.186378479003906,72.42312622070312,1.6852014064788818
90004_00,11.7,50.0,0.55,10.607156480367696,56.35680240984232,1.4318297834284213,15.2795,41.1165,1.621,11.7,50.0,0.55
90004_01,13.3,46.0,0.7,11.640130738480847,53.15258092333618,1.5225499043482362,15.133999,39.551003,1.5895001,13.3,46.0,0.7
90004_02,14.7,43.0,3.1495,12.42076941591661,51.25699103126743,1.615446992030608,16.628,38.516,3.1495,14.7,43.0,3.1495
90004_03,15.8,42.0,2.02475,13.038200827569533,49.858961806345526,1.6930310976759777,17.02,40.475998,3.7034998,15.8,42.0,2.02475
90004_04,16.3,45.0,0.9,13.345002112375493,49.07301240376179,1.703102758670601,16.945,42.271,3.6869998,16.26898193359375,45.13161087036133,1.8262507915496824
90004_05,16.2,47.0,0.8,13.07088903360459,49.781220004227116,1.5997854648212688,16.702,43.8445,2.9365,15.340697288513185,51.54630661010742,1.5270529985427856
90004_06,13.5,57.0,0.7,12.088905208071662,52.66906158384655,1.3902331948302795,12.1195,56.0325,1.4785,13.133492469787598,62.42021942138672,0.9941616058349608
90004_07,9.8,71.0,0.5205,10.581595522186133,57.40878226322158,1.1423516725020322,10.603001,59.886497,0.5205,10.66291618347168,72.39563751220703,0.6907107830047607
90004_08,7.8,80.0,1.3485,8.952459305421556,62.75387185721782,0.942513824971174,10.136,62.996002,1.3485,8.89322566986084,78.64631652832031,0.6905024647712708
90004_09,6.4,88.0,1.737,7.565587683337497,67.41659474115244,0.8377879583502483,10.539,62.377,1.737,7.753050804138184,82.6031723022461,0.7958551645278931
90004_10,5.4,91.0,2.0045,6.544437604930537,70.89049734847757,0.8113867518951979,10.941,61.302498,2.0045,6.985056877136231,85.32743835449219,0.8451175093650818
90004_11,4.4,94.0,1.6140001,5.785729129625717,73.51332045392245,0.8094644101063733,10.1215,64.216995,1.6140001,6.384959697723389,87.27576446533203,0.7967000603675842
90004_12,3.8,96.0,0.8755,5.133511349181627,75.85159032877587,0.7914005491748602,9.4895,67.089,0.8755,5.849268913269043,88.31962585449219,0.7267677187919617
90004_13,3.3,98.0,0.853,4.5240824562464494,78.11058288627764,0.75771719925871,8.67,71.307,0.853,5.407238483428955,88.65805053710938,0.7264798283576965
90004_14,2.8,98.0,0.899,3.978072862792013,80.12946317258933,0.7351849908426641,8.317,72.59100000000002,0.899,5.091536045074463,88.68354797363281,0.7612957954406738
90004_15,2.5,100.0,0.841,3.497713632659517,81.81632843290036,0.740834774372894,8.152000000000001,73.23,0.841,4.88052225112915,88.758544921875,0.7944309115409851
90004_16,2.2,100.0,0.6705,3.0276906822103618,83.38596645215762,0.7640327514527202,7.917999999999997,73.064,0.882,4.7069902420043945,89.00653076171875,0.8348526954650879
90004_17,1.8,100.0,0.5,2.5524163746602824,85.01313738075886,0.7832037085402298,7.829,70.964,0.995,4.563949108123778,89.20832824707031,0.8846389651298523
90004_18,1.7,100.0,0.3,2.22666570740952,86.23695189823488,0.7961234309731029,7.851,69.03,1.3230000000000002,4.450963973999023,89.62723541259766,0.9296151399612428
90004_19,1.4,100.0,1.435,2.365537114898874,85.85723606215174,0.8288832491705882,7.592,69.55,1.435,4.423355102539063,89.74212646484375,0.9515672326087952
90004_20,1.2,100.0,1.273,3.2430181915300924,82.66597462706982,0.9120685499565624,7.178,70.245,1.273,4.620314598083496,89.74475860595703,0.9060188531875609
90004_21,3.3,100.0,0.8365,4.850590202252193,76.50407051113088,1.0482653821312864,10.14,70.692,0.973,5.770339012145996,87.06842041015625,0.8971166014671326
90004_22,7.3,96.0,0.4,6.839590745429398,68.68660353384529,1.2052998721090726,11.72,60.695,1.093,7.857518672943115,78.43022155761719,0.9530710577964784
90004_23,10.5,77.0,0.3,8.724298280860323,61.306734667646296,1.3434797625766088,13.884,53.562,1.696,10.543784141540527,65.79364776611328,1.033100128173828
90004_24,13.2,61.0,1.3,10.185914961012527,55.9231553499193,1.4493002874260683,16.41,48.636497,1.8515,13.375866889953613,55.96510314941406,1.14716637134552
90004_25,14.4,56.0,0.8,11.218443304258669,52.7205842370105,1.540036688355683,15.675999999999998,46.878998,2.4515,15.108480453491213,51.60981369018555,1.344612717628479
90004_26,15.9,52.0,0.8,11.998640969305512,50.82664154494977,1.6329496682024274,16.626998999999998,44.565002,3.4190001000000003,15.968987464904785,48.97344970703125,1.6556649208068848
90004_27,17.7,45.0,3.7094998,12.615636289026911,49.43025625004358,1.7105492781817868,16.854,44.853,3.7094998,16.420093536376953,48.150856018066406,1.9512407779693604
90004_28,16.921501,45.344,3.679,12.922006420234961,48.64594741110016,1.7206360557293854,16.921501,45.344,3.679,16.361356735229492,49.39630889892578,2.00701642036438
90004_29,16.6255,46.5045,2.8185,12.647467143761544,49.35579211297658,1.6173334906995238,16.6255,46.5045,2.8185,15.490233421325685,55.64714813232422,1.6357656717300415
90004_30,12.279000000000002,58.682503,1.4280000000000002,11.665062093815365,52.245267236012964,1.4077955618781348,12.279000000000002,58.682503,1.4280000000000002,13.425434112548828,65.05328369140625,0.9641548395156859
90004_31,11.061,61.281998,0.6335,10.157336173968297,56.98661780526068,1.1599279931471551,11.061,61.281998,0.6335,11.285582542419435,74.1737289428711,0.6352856159210205
90004_32,10.5735,62.5835,1.1830001,8.527788730573883,62.33333354057851,0.9601037117415364,10.5735,62.5835,1.1830001,9.858736038208008,80.26466369628906,0.6538304090499878
90004_33,11.386999,59.317497,2.0235,7.140510905858124,66.99767872250837,0.8553910238871594,11.386999,59.317497,2.0235,8.987162590026855,83.60169982910156,0.8321642279624939
90004_34,12.0935,56.6615,2.6325,6.1189596652457015,70.47319969007664,0.8290026089705802,12.0935,56.6615,2.6325,8.454619407653809,85.621826171875,0.9600760936737059
90004_35,12.2285,56.6335,2.7325,5.359855084399221,73.09763712365185,0.8270926716298892,12.2285,56.6335,2.7325,8.08225154876709,87.00855255126953,0.9760486483573914
90004_36,11.8535,60.1975,2.336,4.7072462710299785,75.43751720073753,0.8090408282147263,11.8535,60.1975,2.336,7.861265659332275,88.2574691772461,0.9294720888137816
90005_00,12.4,44.0,0.9,11.264060646743054,48.77830934942385,1.7919106754299523,13.8475,50.2995,1.8415,12.4,44.0,0.9
90005_01,13.3,42.0,1.3,12.21287322361948,46.33260171591014,1.9921534744492488,13.0925,48.195,1.9325,13.3,42.0,1.3
90005_02,13.9,44.0,1.7,12.965600515271056,44.504025966984884,2.1264953194195626,14.080998999999998,44.6655,1.9105,13.9,44.0,1.7
90005_03,14.6,43.0,2.3,13.547795199701193,43.078780174634026,2.1966226556984743,14.752501,44.767,2.1015,14.6,43.0,2.3
90005_04,14.7,44.0,2.0,13.848182726454024,42.28281429358977,2.188952137038725,15.1105,44.4205,1.856,15.115257263183596,36.66283798217773,1.4328315258026123
90005_05,14.4,46.0,1.0,13.702830576933119,42.60180702921642,2.0761358594376453,15.1835,45.441,1.1695,14.716562271118164,40.859954833984375,1.2449525594711304
90005_06,13.4,50.0,1.3,13.054665851494,44.299538209801284,1.8509581093682,12.1380005,53.237,1.342,13.13964557647705,47.78813934326172,1.1210721731185913
90005_07,10.5,61.0,0.5,12.03406862831054,47.09814362272542,1.5573474325508168,11.8865,55.1105,1.4679999,11.53187370300293,54.68751907348633,1.0137399435043335
90005_08,9.6,64.0,0.9,10.887399311168464,50.30895600940709,1.280774266460404,11.4045,56.5025,0.7865,10.564496994018556,60.11796188354492,0.8593332171440125
90005_09,8.5,69.0,0.8,9.824631238962947,53.27337245612104,1.0979407358647966,11.115,57.657997,0.3555,9.92615032196045,64.61954498291016,0.7590454220771791
90005_10,7.9,72.0,1.7,8.923349258570132,55.70968811884737,1.026894009532088,10.781,58.9315,0.3955,9.333959579467773,67.84083557128906,0.7438498139381409
90005_11,7.3,75.0,1.4,8.1569946575522,57.69900824888772,1.021914704051034,10.2765,60.8385,0.462,8.802069664001465,70.26670837402344,0.7552375793457031
90005_12,6.7,78.0,1.2,7.489204062357031,59.41328657290928,1.0178749627619803,10.116,61.6565,0.4065,8.342472076416017,72.34862518310547,0.7462486028671265
90005_13,6.0,81.0,1.1,6.9233544106407185,60.9081595181953,0.983776393769082,9.786,65.156,0.324,7.9332170486450195,73.87381744384766,0.745295524597168
90005_14,6.1,81.0,1.0,6.464980881077158,62.16738775230718,0.9382778245204112,9.3,67.172,0.472,7.497323513031006,75.16716003417969,0.7460402846336365
90005_15,6.2,80.0,2.1,6.064527987844912,63.26607280927415,0.9177070197830298,8.876,68.946,0.266,7.103562831878662,76.5936508178711,0.7523711919784546
90005_16,5.6,83.0,0.9,5.63695214140999,64.37383294563665,0.9323952602924832,8.276,72.493,0.602,6.815152645111084,78.16515350341797,0.7686548829078674
90005_17,5.2,84.0,1.0,5.1679541770079735,65.51089196480466,0.9561656416678588,7.726,76.316,0.451,6.6667561531066895,79.63414001464844,0.7549559473991394
90005_18,5.0,85.0,1.4,4.80469611710212,66.29486212863324,0.9585724671003304,7.242000000000001,78.911,0.284,6.591275215148926,80.53083801269531,0.7284190654754639
90005_19,4.9,86.0,1.5,4.815747445413574,66.01092365306528,0.945652595330008,6.839,80.946,0.339,6.487761497497559,81.52198028564453,0.7285701632499695
90005_20,4.6,87.0,1.3,5.417861299668453,64.06491443754642,0.9660174836063796,6.5820000000000025,81.021,0.33,6.49757719039917,82.39508056640625,0.7275393009185791
90005_21,5.7,84.0,1.2,6.601773904509026,60.485484032879974,1.0734420544646377,8.857999999999997,79.795,0.445,7.381025314331055,80.36211395263672,0.8050113320350647
90005_22,8.1,75.0,1.2,8.109747350765648,56.02740168557157,1.2801180571405009,9.801,73.233,1.102,8.946415901184082,74.59500122070312,0.9321820139884948
90005_23,10.8,63.0,0.9,9.59339503467449,51.740944949915686,1.5437853143437394,11.315,65.667,1.035,10.404011726379396,66.60673522949219,1.0846281051635742
90005_24,12.6,57.0,1.3,10.822286371930804,48.34141963614593,1.7987419074468702,14.645,56.72,2.236,12.042435646057127,61.74778366088867,1.3628946542739868
90005_25,13.6,54.0,1.5,11.770567994325788,45.897238533985345,1.9990340433251303,13.599501,57.295,2.277,12.946995735168455,58.94282150268555,1.6268150806427002
90005_26,14.2,54.0,1.8,12.522770117792527,44.070182821014356,2.133425440819721,14.317,55.355,2.05,13.343160629272461,54.73507308959961,1.77130389213562
90005_27,14.7,53.0,1.6,13.104445443393288,42.64645046618417,2.2036025453770707,15.025499,52.968002,1.7875,14.083212852478027,51.67544555664063,1.730628252029419
90005_28,15.831501,49.0925,1.6719999,13.404319443590266,41.85199132133742,2.1959820108568446,15.831501,49.0925,1.6719999,14.87856388092041,51.01555252075195,1.5582613945007324
90005_29,16.5225,46.901,1.3635,13.25845962238944,42.17248398951078,2.0832159333336584,16.5225,46.901,1.3635,14.924263954162598,53.92201614379883,1.268943190574646
90005_30,13.682,52.528503,1.4305,12.609793102496473,43.871708197046345,1.8580885993668448,13.682,52.528503,1.4305,13.592482566833494,58.14634704589844,1.081928014755249
90005_31,13.3895,52.2465,1.7950001,11.588699984201346,46.671799629751405,1.5645285547362526,13.3895,52.2465,1.7950001,12.144453048706055,63.07574462890625,1.0040545463562012
90005_32,13.2045,51.752,1.487,10.441540693092891,49.88409092804517,1.288006236974897,13.2045,51.752,1.487,11.355575561523438,67.3316650390625,0.921965479850769
90005_33,12.8025,52.887,1.2,9.378288589618883,52.84997907761461,1.1052237708960406,12.8025,52.887,1.2,10.851536750793457,70.51738739013672,0.8631589412689209
90005_34,12.5835,54.975998,1.2275,8.47652854193379,55.28775913432076,1.034228325304519,12.5835,54.975998,1.2275,10.415849685668944,72.41434478759766,0.8443664908409119
90005_35,12.3815,56.5415,1.143,7.709701858652116,57.27853624968233,1.0293005168098146,12.3815,56.5415,1.143,10.078742027282717,73.37830352783203,0.8567708134651184
90005_36,12.1905,57.96700300000001,1.3594999,7.0414451869625125,58.994264051182356,1.0253124887696463,12.1905,57.96700300000001,1.3594999,9.811200141906738,74.79517364501953,0.9761085510253906
90006_00,15.1,49.0,4.5,10.037522450793503,47.55953085178586,1.6486690357707292,15.144,48.214,3.696,15.1,49.0,4.5
90006_01,15.8,47.0,3.5,11.182788591657548,44.21455940260148,1.9680346309608945,13.657499,47.729,3.8425,15.8,47.0,3.5
90006_02,15.8,46.0,5.7,11.691524434496934,43.28775556320996,2.200360014110167,13.828,46.6465,4.0415,15.8,46.0,5.7
90006_03,16.0,46.0,5.2,11.788107825298116,43.566313965610725,2.295930533356512,13.678499,46.51300000000001,4.191,16.0,46.0,5.2
90006_04,15.5,47.0,4.3,11.571238555060052,44.44237374840783,2.226148301976812,13.68,46.58,4.2644997,14.591085433959961,42.67407989501953,2.548670530319214
90006_05,14.5,49.0,2.8,10.965126603565292,46.27178959656519,1.9978976980325696,13.202499,50.151,4.1955,13.520368576049805,48.90693664550781,2.1110880374908447
90006_06,13.3,51.0,1.5,9.896466114416642,49.64830115595629,1.6654519559188818,10.757,60.0465,2.5765,11.77711582183838,57.88974380493164,1.5604590177536009
90006_07,11.7,57.0,1.1,8.48741807625095,54.43129967112128,1.3211069466514185,10.1545,62.182503,2.6515,10.245245933532717,66.09822845458984,1.251228094100952
90006_08,9.6,64.0,1.2,7.051696687638872,59.539939896856616,1.0576922011285332,9.789499,63.809998,2.862,9.258017539978027,71.7416000366211,1.1402088403701782
90006_09,8.9,66.0,1.3,5.890354327332807,63.705984345821676,0.9220817109071332,9.746,64.223,3.1660000000000004,8.557235717773438,75.40388488769531,1.1350079774856567
90006_10,7.4,71.0,1.1,5.088033090222121,66.41707593506838,0.8933958221918156,9.8645,63.8935,3.5435,8.07701587677002,77.76083374023438,1.1766653060913086
90006_11,6.7,74.0,0.8,4.505028626381656,68.13464471666374,0.9049913657179576,10.059,63.047997,3.959,7.798770427703857,79.01356506347656,1.2019004821777344
90006_12,6.2,75.0,1.0,3.958529542043282,69.64213957075043,0.8950667874543271,9.884,63.4515,3.889,7.532956600189209,79.91146850585938,1.1935051679611206
90006_13,5.8,77.0,0.6,3.3993347259385844,71.25116751102941,0.8467721033077499,9.761,65.021,3.941,7.254284858703612,80.96381378173828,1.1843578815460205
90006_14,5.4,79.0,0.8,2.9094490082453675,72.67423472671356,0.7877694596816327,9.297,66.738,3.695,7.00519609451294,82.0749740600586,1.1712911128997805
90006_15,5.3,79.0,1.0,2.547041076267713,73.60669417942054,0.754243431146435,8.511000000000001,69.59899999999999,3.2510000000000003,6.8123416900634775,82.90802764892578,1.182837963104248
90006_16,5.2,78.0,1.1,2.234958274295664,74.27041352254824,0.7542265699847911,8.351,69.222,3.259,6.701728820800781,82.96469116210938,1.2538431882858276
90006_17,5.4,79.0,1.2,1.8452238036415969,75.20387595885583,0.763164869256715,8.754,65.722,3.575,6.57872200012207,82.97716522216797,1.2992029190063477
90006_18,5.0,80.0,0.8,1.4139282948794865,76.42542142450145,0.7535982362644594,7.95,66.432,3.057,6.296767711639403,83.39376831054688,1.2611916065216064
90006_19,4.8,80.0,0.8,1.254026406677898,76.87307617864874,0.7297741452165188,7.242000000000001,66.872,2.694,5.9425392150878915,84.70414733886719,1.1418851613998413
90006_20,4.9,81.0,1.0,1.801202748800634,74.88722672287058,0.7348473806911083,6.773,67.524,1.5930000000000002,5.850289821624756,85.65308380126953,0.9622433185577391
90006_21,5.2,81.0,0.6,3.280019869471129,69.5150316969174,0.8240798228885842,9.459,58.38399999999999,0.884,6.674428939819336,83.24853515625,0.8124830722808838
90006_22,7.0,78.0,1.85,5.471021292571376,61.53068319839261,1.0268393129110172,10.872,54.14100000000001,0.425,8.800165176391602,74.60015869140625,0.823405921459198
90006_23,14.2,48.0,3.1,7.796250066199832,53.19278689328786,1.3267556176133408,14.009,43.371,1.278,12.060425758361815,59.7794303894043,1.0746341943740845
90006_24,16.0,40.0,3.0,9.667572524259187,46.84434664878935,1.670211175426851,15.715,44.166,2.9015,15.138665199279785,49.32920455932617,1.5413312911987305
90006_25,16.7,38.0,3.7,10.812342558182037,43.50049718987571,1.989589592966034,14.078501,44.489998,3.8675,16.016616821289062,46.4708366394043,2.1354289054870605
90006_26,16.7,40.0,3.5,11.320585837522964,42.57481849168485,2.2219272601843727,14.034,45.0685,4.124,15.651101112365724,44.31235885620117,2.6509387493133545
90006_27,16.4,41.0,3.6,11.416680226701164,42.85450511448442,2.3175095250949482,13.943,45.916,3.6069999,15.303683280944824,43.65406799316406,2.7750473022460938
90006_28,13.7305,47.4585,3.612,11.199325535080087,43.73169612498764,2.247738500926032,13.7305,47.4585,3.612,14.724350929260256,44.9898567199707,2.689131736755371
90006_29,13.2105,47.972,4.017,10.592731760502089,45.5622461366914,2.0194985656725644,13.2105,47.972,4.017,13.568466186523438,49.08733367919922,2.3138914108276367
90006_30,11.276,54.395,2.7375,9.523593064588127,48.939894723567846,1.6870629537232578,11.276,54.395,2.7375,11.960917472839355,56.12116622924805,1.5747212171554563
90006_31,10.7630005,56.040497,2.8525,8.114070453797513,53.72403305832058,1.342727536069805,10.7630005,56.040497,2.8525,10.572664260864258,62.86759567260742,1.093864679336548
90006_32,10.2365,57.62600000000001,2.8325,6.6778781443118325,58.83381582411434,1.079321843632019,10.2365,57.62600000000001,2.8325,9.608932495117188,67.70796966552734,0.9655531644821168
90006_33,10.2885,57.218,3.1785002,5.51606853233454,63.00100546195581,0.9437198680037692,10.2885,57.218,3.1785002,8.928645133972168,70.80061340332031,1.109314203262329
90006_34,11.1705,55.965,4.5405,4.713283730013568,65.71324481734909,0.915041955451404,11.1705,55.965,4.5405,8.573615074157715,73.3339614868164,1.3155035972595217
90006_35,10.566,58.3385,4.2815,4.1298194045780585,67.43196387054833,0.9266449367779144,10.566,58.3385,4.2815,8.353930473327638,74.76851654052734,1.4107452630996704
90006_36,10.825001,58.1315,4.5635,3.58286417918812,68.94061143015854,0.9167272580602086,10.825001,58.1315,4.5635,8.208084106445312,76.67816162109375,1.3141303062438965
90007_00,7.0,41.0,1.0,8.87477834427302,49.554565899496794,1.9339283808577208,12.4885,43.4485,0.873,7.0,41.0,1.0
90007_01,10.1,36.0,1.9,10.777445787078552,44.04194994694495,2.4371542788845115,13.0555,39.471,1.222,10.1,36.0,1.9
90007_02,12.3,34.0,1.3,11.93488233899425,41.308590908887524,2.9564117545287982,14.787001,40.1195,2.9065,12.3,34.0,1.3
90007_03,15.0,33.0,1.0,12.4679766748496,40.373732792185905,3.4173673623225627,15.684,41.363,4.355,15.0,33.0,1.0
90007_04,15.5,43.0,6.1,12.513828553009727,40.3678336028395,3.7169398730096037,15.007,44.2775,4.8,14.06419849395752,35.47249984741211,4.955236911773682
90007_05,14.8,45.0,4.1,12.1071352735887,41.19756589532332,3.752572678945273,13.8105,48.489,4.4755,13.02047061920166,39.28858184814453,5.424130916595459
90007_06,13.7,50.0,5.3,11.228910678749237,43.30634038088108,3.4852399150650237,11.5605,56.5315,2.9160000000000004,11.104402542114258,45.73992538452149,4.425114631652832
90007_07,12.7,53.0,6.9,9.932583846880837,46.92371035365922,2.986925954665264,10.231,62.850502,1.3735,9.095650672912598,53.95329284667969,3.0455713272094727
90007_08,11.7,56.0,4.0,8.39671873652802,51.606896473193714,2.4216262950932697,9.727,66.432,1.1840000000000002,7.562539100646973,61.11603546142578,2.1808557510375977
90007_09,10.7,60.0,1.9,6.847594371389419,56.48805295761729,1.9596016483892025,9.1285,68.548004,0.7655,6.391298294067383,66.55559539794922,1.7456825971603394
90007_10,7.1,70.0,2.7,5.435157109005723,60.90304707756933,1.6840261521421942,8.6905,70.3285,0.848,5.46185827255249,71.22277069091797,1.5297369956970217
90007_11,6.1,74.0,2.0,4.186999375416677,64.74276064462481,1.5607115232119968,8.290500999999999,72.708496,0.884,4.761825084686278,75.1011962890625,1.350376844406128
90007_12,4.8,78.0,2.0,3.0727644814314408,68.23042683042509,1.4910310929335862,7.8885,75.1715,0.7535,4.18762731552124,77.74742126464844,1.192475199699402
90007_13,3.7,84.0,1.2,2.091690046046637,71.45897274119464,1.3995212003470423,7.425,77.487,1.04,3.751790761947632,79.49464416503906,1.0885763168334959
90007_14,2.8,86.0,1.2,1.2795204314157758,74.24133834208602,1.2827430758207483,7.174,77.859,0.949,3.412224292755127,80.5775146484375,0.9874051213264464
90007_15,1.5,89.0,1.1,0.6344386344660631,76.41736881823867,1.1861850993102236,6.9,78.043,0.552,3.123119831085205,81.37223815917969,0.9128933548927308
90007_16,1.0,92.0,1.4,0.0697921754520543,78.18723100682605,1.1422626931094189,6.591,78.38,0.777,2.884638786315918,82.0805892944336,0.925121545791626
90007_17,0.1,93.0,0.8,-0.5111785586601965,79.95273554415286,1.1332411498629464,6.339,78.158,1.134,2.7332375049591064,82.672119140625,0.9657167792320251
90007_18,-0.1,94.0,1.2,-1.0562963717527671,81.68321265445124,1.112486451396613,6.147,78.079,1.164,2.5979106426239014,83.5060043334961,0.966293454170227
90007_19,-0.3,95.0,1.4,-1.2779380737547754,82.43760717826444,1.0587028594462784,5.898,78.495,1.091,2.409508228302002,85.10171508789062,0.9331288337707521
90007_20,-1.1,95.0,1.0,-0.7667707082825999,80.68663598140097,1.0080896602972451,5.746,77.976,0.8909999999999999,2.3519611358642583,86.64729309082031,0.8924897909164429
90007_21,-0.8,96.0,0.8,0.7370085679818228,75.38487709407164,1.034420060457128,8.067,73.63,1.039,3.048578977584839,85.42229461669922,0.8650150299072266
90007_22,1.2,94.0,0.8,3.1159737903423883,66.97255570582823,1.1982396911367574,10.842,61.62300000000001,0.6559999999999999,4.888873100280762,78.6163558959961,0.8528968095779419
90007_23,4.5,78.0,1.1,5.882409749044987,57.41120267925128,1.5118932455771767,13.171,52.033,0.894,7.711470127105713,66.04363250732422,0.9309473037719728
90007_24,8.6,63.0,1.2,8.428330100797567,49.11902245785974,1.9444783952477744,14.102,50.119003,1.4395001,10.64229679107666,53.91501235961914,1.146154284477234
90007_25,10.9,55.0,1.1,10.330478838072152,43.607872464321616,2.4477161769751925,13.825001,47.011,2.2905,12.619982719421387,45.45387268066406,1.3902907371520996
90007_26,13.5,48.0,1.2,11.487401337300069,40.875979290391015,2.9669854543327685,15.043501,43.975502,2.4329998,14.118313789367676,38.6252555847168,1.635195255279541
90007_27,16.0,40.0,5.0,12.019986290850047,39.94258687937866,3.4279527817179067,16.014,41.298,2.9225001,15.398778915405273,35.740386962890625,2.0733768939971924
90007_28,15.6605,43.8715,4.5895,12.06533347462274,39.93815317344665,3.727536929823696,15.6605,43.8715,4.5895,15.400081634521484,37.28824996948242,2.867555856704712
90007_29,14.1685,50.791496,4.8325,11.658140205950026,40.76935066365071,3.7631812909596016,14.1685,50.791496,4.8325,13.98651123046875,41.066688537597656,3.323159456253052
90007_30,12.177,57.235,3.0615,10.77942034402195,42.879589997964246,3.4958599999704694,12.177,57.235,3.0615,12.038822174072266,46.6062126159668,2.8641681671142583
90007_31,10.875999,61.4375,1.2065,9.482602984101307,46.49842440713381,2.997557430073422,10.875999,61.4375,1.2065,10.310240745544434,53.74670791625977,2.033663272857666
90007_32,10.502501,61.461998,1.0450001,7.946252101338949,51.18307448772197,2.4322690785435506,10.502501,61.461998,1.0450001,9.032546997070312,59.55242538452149,1.49997878074646
90007_33,10.0675,62.9215,1.118,6.396646735840192,56.065694395003966,1.9702556573434773,10.0675,62.9215,1.118,8.010108947753906,64.69881439208984,1.276185154914856
90007_34,9.602,65.544495,0.9805,4.983733261315679,60.48215133703306,1.6946913039899183,9.602,65.544495,0.9805,7.19288444519043,69.08730316162111,1.1664649248123171
90007_35,9.257999,67.1305,0.8885,3.7351041198413233,64.32332706261975,1.5713877352464407,9.257999,67.1305,0.8885,6.525482177734375,72.65426635742188,1.1225277185440063
90007_36,8.861,69.417496,1.4165,2.6204026379960137,67.81245468107403,1.501718282368414,8.861,69.417496,1.4165,6.183260440826416,75.1368637084961,1.1914023160934448
90008_00,8.2,53.0,1.8,4.9500944803036795,56.41521899161876,2.8047243914751214,12.5245,42.232002,1.6370001,8.2,53.0,1.8
90008_01,9.1,52.0,1.7,5.841509774672969,54.364689081339826,2.9173535367946832,11.809999,42.0065,3.303,9.1,52.0,1.7
90008_02,8.4,55.0,3.4,6.506691497197285,52.73501562342048,3.062252296646148,12.715,42.403503,4.1530000000000005,8.4,55.0,3.4
90008_03,8.6,56.0,3.3,6.8484604385483925,51.81502559062396,3.1742377018243366,12.481,46.7565,4.52,8.6,56.0,3.3
90008_04,7.5,60.0,4.5,6.7449134565058255,51.99313999586475,3.268965895521398,11.854,50.0605,4.5625,9.569446563720703,54.46467971801758,3.736338376998901
90008_05,6.2,67.0,4.3,6.152164092435102,53.4363729157609,3.4022921781818463,10.7465,54.0605,4.4259996,8.432407379150389,59.910888671875,4.0827226638793945
90008_06,4.8,74.0,4.2,5.198861505376527,55.82010584525557,3.594596006267996,8.339001,64.2605,2.8535,6.9986534118652335,65.99340057373047,4.345637798309326
90008_07,3.9,80.0,2.8,4.162261146404596,58.407594935333506,3.79777721460129,7.0939999999999985,70.093,1.4105,5.851672172546388,71.5023422241211,4.463145732879639
90008_08,3.8,85.0,2.8,3.3192453019983104,60.47137986535144,3.935243403207819,6.5520000000000005,73.94,1.2945,5.219205856323242,75.90284729003906,4.246876239776611
90008_09,3.9,83.0,2.4,2.7862981572037384,61.724358767349116,3.971049834267686,6.1855,76.4955,1.3840001,4.924030303955078,78.23523712158203,3.7435553073883057
90008_10,4.1,82.0,3.1,2.4807172540318656,62.40400477458954,3.937788197248101,6.032,77.57249499999998,1.6955,4.808891296386719,79.34346008300781,3.274157285690308
90008_11,4.1,83.0,3.2,2.2296984313052293,62.96044107165101,3.8980752025674534,5.7595,77.78399999999998,1.506,4.72202730178833,80.0776138305664,2.919731855392456
90008_12,4.1,83.0,2.6,1.9237057215043103,63.64792050438418,3.8830188089049726,5.38,78.011505,1.2845,4.591165542602539,80.78004455566406,2.604393482208252
90008_13,4.2,83.0,2.2,1.5795408184569224,64.37989141949569,3.8722463207246887,4.974,79.29,1.314,4.473012447357178,81.16405487060547,2.4227185249328613
90008_14,4.2,83.0,3.2,1.2738939452334297,64.93167946897925,3.833343348659464,4.955,78.473,1.612,4.423405170440674,81.21505737304688,2.3928091526031494
90008_15,4.0,85.0,3.1,1.0344061366970942,65.23845720818565,3.7736234253062575,4.756,78.618,1.69,4.396022319793701,81.204345703125,2.426370859146118
90008_16,3.7,87.0,2.1,0.8090895902315092,65.46636797693688,3.74262221059392,4.573,77.87899999999998,1.4509999999999998,4.310715675354004,80.97540283203125,2.5023534297943115
90008_17,3.8,86.0,1.9,0.5465397042960669,65.78794930798006,3.776158123071916,4.505,76.82300000000002,1.35,4.226201057434082,80.12552642822266,2.655458211898804
90008_18,3.7,85.0,2.2,0.30021908248006746,66.10634971189322,3.838780357006837,4.328,76.442,1.622,4.093488693237306,79.29959106445312,2.823706150054932
90008_19,3.2,87.0,2.2,0.2405013330489573,66.03071018182719,3.8312591627300514,4.157,76.085,1.235,3.8618671894073486,78.92779541015625,2.9049394130706787
90008_20,3.5,85.0,2.5,0.5473501915008727,65.15387805938667,3.66918662307154,3.942,76.156,1.048,3.6279087066650386,78.8185043334961,2.825718641281128
90008_21,4.6,83.0,1.6,1.274663387155413,63.3803769865061,3.3656397450970785,6.8420000000000005,74.086,0.899,4.237135887145996,76.98362731933594,2.675211906433105
90008_22,6.9,71.0,2.4,2.306496544963771,61.00274564274967,3.038970936482429,10.18,58.784,1.598,5.732742786407472,71.62664031982422,2.5469834804534908
90008_23,8.4,65.0,0.8,3.4375642228129166,58.47446395068711,2.831762829887292,11.739,52.474,2.355,7.2938904762268075,64.44890594482422,2.4695303440093994
90008_24,8.8,60.0,1.7,4.494448597174767,56.121327449527776,2.8087159718522066,13.179,49.823997,2.2035,8.625265121459961,58.68252563476562,2.5455493927001958
90008_25,9.3,58.0,1.3,5.385258410813048,54.07291414665019,2.92139706058856,12.156,49.08600000000001,3.4835,9.191234588623047,54.42383575439453,2.7860209941864014
90008_26,9.5,58.0,2.5,6.049839806164306,52.44535628862831,3.0663477282324525,12.733999,47.5775,3.9225,9.523627281188963,50.49995422363281,3.0624585151672363
90008_27,8.5,61.0,3.6,6.391013592103118,51.52748076422469,3.1783850042677013,13.1845,46.134003,4.0115,9.884344100952148,50.21221923828125,3.303821563720703
90008_28,13.001499,48.2465,4.333,6.286876644529276,51.70770850213465,3.2731650306116062,13.001499,48.2465,4.333,9.661944389343262,53.15320587158203,3.573235988616944
90008_29,11.383499,57.2865,4.3129997000000015,5.693542522579699,53.15305349517559,3.4065431064701674,11.383499,57.2865,4.3129997000000015,8.511518478393555,57.62556457519531,3.9527559280395512
90008_30,8.978000999999997,68.854004,2.7345,4.739660402942158,55.5388971543784,3.5988986870297173,8.978000999999997,68.854004,2.7345,7.105549812316895,61.95706176757813,4.316780090332031
90008_31,7.7095,72.78699999999998,1.0304999,3.7024857540279537,58.12849554718585,3.802131605867781,7.7095,72.78699999999998,1.0304999,6.172696590423584,65.656494140625,4.4170498847961435
90008_32,7.609,70.139496,1.8115001,2.858900879443687,60.19438826949063,3.939649461788524,7.609,70.139496,1.8115001,5.663259029388428,68.38679504394531,4.258821964263916
90008_33,7.309,70.566,1.7505,2.325389981129128,61.44947337003737,3.975507515757895,7.309,70.566,1.7505,5.3823652267456055,69.52998352050781,3.95310378074646
90008_34,7.0559998,70.9325,1.6269999999999998,2.0192506177543112,62.131223898953294,3.9422974560434563,7.0559998,70.9325,1.6269999999999998,5.260001182556152,70.56524658203125,3.740900039672852
90008_35,7.108,70.6555,1.4714999,1.7676786445589463,62.689762957883204,3.9026359918603326,7.108,70.6555,1.4714999,5.212843894958496,72.40595245361328,3.7403080463409424
90008_36,6.9845,72.683,1.4165001,1.461138110220074,63.379343309869526,3.887631080712362,6.9845,72.683,1.4165001,5.435782909393311,76.0118179321289,3.953700065612793
90009_00,11.6,55.0,1.0,12.140180058238142,50.68231800541132,1.8131777796681008,14.3135,47.6345,0.9945,11.6,55.0,1.0
90009_01,13.4,49.0,1.2,13.032513056137295,48.12791616110861,1.936143171639544,14.024,46.0625,0.88250005,13.4,49.0,1.2
90009_02,14.7,46.0,1.6,13.764057471432615,46.350766924507816,2.0446837917054377,16.1345,42.4675,1.2950001,14.7,46.0,1.6
90009_03,16.1,43.0,1.8,14.338861739170587,45.043434090658636,2.148971113200519,17.897000000000006,40.206,1.8929999,16.1,43.0,1.8
90009_04,16.9,42.0,0.9,14.639124400068605,44.382484818893225,2.203362955928686,18.646,39.556503,2.3495002,17.141361236572266,41.702484130859375,1.6772129535675049
90009_05,17.1,43.0,1.0,14.513572717237187,44.828549999260034,2.1399261810633248,18.702,39.6465,2.4074998,16.913488388061527,45.30786514282226,1.5441735982894895
90009_06,15.3,51.0,0.7,13.923360219574162,46.61377286827596,1.9341504095805253,16.8335,44.317497,1.37,15.595349311828613,53.92506790161133,1.2018494606018066
90009_07,11.9,65.0,0.4,13.005797185357338,49.42619726072218,1.641292400303174,15.368,48.432,0.9345,13.74963092803955,63.14360046386719,0.955905258655548
90009_08,10.3,74.0,0.5,11.996377609765318,52.58039363948144,1.36645333959628,14.235,52.1425,1.005,12.191824913024902,69.75133514404297,0.8560662865638733
90009_09,9.2,77.0,0.6,11.08159584988262,55.48893922707678,1.1919621710109014,13.088,56.2175,0.85450006,11.109904289245604,73.89681243896484,0.8496012687683105
90009_10,8.6,80.0,0.9,10.311517850399524,57.988231660542404,1.12455469958148,12.616,58.794,1.2009999999999998,10.340533256530762,76.82308197021484,0.903248131275177
90009_11,7.7,84.0,0.6,9.633475073574317,60.257677536924454,1.1056261978898991,11.8915,63.540497,1.4679999,9.80228328704834,78.72727966308594,0.9483825564384459
90009_12,7.3,82.0,1.1,8.990602939065596,62.4867674069059,1.0698596959913165,11.4715,63.21100000000001,1.2344999,9.215956687927246,80.81907653808594,0.8848133087158203
90009_13,6.3,88.0,0.7,8.379430842535221,64.66069857339163,0.996497602227912,9.898,72.97800000000002,0.522,8.611464500427246,82.5675048828125,0.8019688129425049
90009_14,5.6,89.0,0.5,7.822432636693327,66.65019516913367,0.910900986363287,9.589,72.184,0.486,8.087209701538086,83.32250213623047,0.7422771453857422
90009_15,5.0,91.0,0.8,7.312303385991499,68.4259630430593,0.8454823913848946,9.79,68.31,0.121,7.684486865997314,83.83238220214844,0.71977698802948
90009_16,5.1,91.0,0.6,6.815162180241772,70.0753896753273,0.8063808886169579,9.105,68.749,0.622,7.3167786598205575,83.96973419189453,0.7641997337341309
90009_17,4.9,92.0,1.2,6.347350590824815,71.53788454561092,0.7798990949517186,8.082,68.477,0.672,6.895949840545653,84.06277465820312,0.8211305141448975
90009_18,4.5,92.0,1.1,6.043541614323837,72.34098212243663,0.7664836920899974,6.8370000000000015,69.919,0.775,6.519493579864503,83.85346221923828,0.8526294827461243
90009_19,4.9,92.0,1.2,6.120650562056339,71.70496246984209,0.7992754146006515,6.599,69.729,0.638,6.294759750366211,83.07096862792969,0.8940436840057373
90009_20,4.9,91.0,1.1,6.736359981145158,69.05861130645096,0.9209708341560406,6.4,70.21600000000001,0.828,6.358163833618164,81.78636932373047,0.939982771873474
90009_21,6.3,89.0,0.8,7.8531001370379645,64.57371399140821,1.139015331503106,7.044,69.407,0.457,6.968954563140869,78.2809066772461,0.9772458076477052
90009_22,8.5,78.0,1.0,9.232255799303305,59.2259963978489,1.4059225136303668,9.242,65.564,0.5579999999999999,8.610661506652832,70.62552642822266,1.0715585947036743
90009_23,11.2,66.0,1.1,10.575527848353744,54.26445567817574,1.6493155806253528,11.245,59.545,1.044,10.619129180908203,60.80001831054688,1.1624889373779297
90009_24,13.2,57.0,1.3,11.698288130234502,50.492287718727006,1.8262168354398247,15.619000000000002,52.4375,0.861,13.000715255737305,54.053123474121094,1.3045923709869385
90009_25,14.6,52.0,1.7,12.590015237784453,47.939889488620146,1.949240049297646,15.103,49.968002,1.626,14.617074012756348,48.3502082824707,1.579246997833252
90009_26,16.2,46.0,1.9,13.320959530565915,46.16473283043533,2.057838419440066,17.043499,43.374,2.3379998,15.924933433532715,42.138580322265625,2.1045844554901123
90009_27,17.3,43.0,3.0,13.895169470670332,44.85938140354139,2.162183418306007,18.316,38.7155,2.6069999,17.349784851074222,39.77192306518555,2.6595799922943115
90009_28,18.853,36.7365,2.9505,14.194843625715109,44.20040223191455,2.2166328648207547,18.853,36.7365,2.9505,18.068878173828125,39.631492614746094,2.960049152374268
90009_29,18.934502,36.6165,2.545,14.068709285395824,44.64842607102294,2.153253619265795,18.934502,36.6165,2.545,17.71198844909668,43.64410018920898,2.6666018962860107
90009_30,17.565498,40.2675,2.1545,13.47792000493722,46.43559602330823,1.9475353017391093,17.565498,40.2675,2.1545,16.460798263549805,53.1660270690918,1.9518693685531616
90009_31,16.2535,44.2755,1.7084999,12.559786088693972,49.24995579005972,1.6547346701720091,16.2535,44.2755,1.7084999,14.781811714172365,63.20782470703125,1.379237413406372
90009_32,15.519501000000002,46.9815,1.664,11.549801557617702,52.40607570142562,1.3799529100387242,15.519501000000002,46.9815,1.664,13.416280746459961,70.32465362548828,1.155309557914734
90009_33,14.811501000000002,48.74800000000001,1.457,10.63446079430764,55.316532847787954,1.2055189639984771,14.811501000000002,48.74800000000001,1.457,12.510022163391113,74.45626068115234,1.1062994003295898
90009_34,13.7885,52.302498,1.6425,9.863829768693854,57.817724734693634,1.1381686361953167,13.7885,52.302498,1.6425,11.829473495483398,76.95372772216797,1.0883393287658691
90009_35,12.861,56.205498,1.3395,9.185239968027457,60.089057828217534,1.1192971983159274,12.861,56.205498,1.3395,11.20015811920166,78.8250503540039,1.0195209980010986
90009_36,11.7145,60.85,1.1005,8.541826836657055,62.3200225488676,1.083587679520631,11.7145,60.85,1.1005,10.67367172241211,79.74800872802734,1.006963849067688
90010_00,10.1,48.0,1.9,10.174748946028423,52.911058014969605,1.7720483080697709,16.136,41.519997,2.1455,10.1,48.0,1.9
90010_01,12.9,44.0,1.9,11.55518692756468,49.11535143210825,2.1360366469635896,16.2325,37.561,2.6009998,12.9,44.0,1.9
90010_02,14.8,43.0,3.0,12.339325689725527,47.489276269414034,2.4962040494776594,17.0385,37.042503,4.4025,14.8,43.0,3.0
90010_03,16.0,40.0,3.8,12.710353082545724,47.05998965299516,2.7757529714387434,16.9335,37.170998,5.1984997,16.0,40.0,3.8
90010_04,15.7,41.0,3.0,12.717027018494663,47.309386310263996,2.8680604606657507,16.1585,38.7225,5.3135004,15.542956352233887,37.23360824584961,3.551279306411743
90010_05,15.3,43.0,2.2,12.252315950724574,48.47259821558561,2.7061951945341782,15.015999999999998,42.6675,5.1955004,14.298380851745605,42.43053436279297,3.3493359088897705
90010_06,13.2,48.0,0.9,11.236691582465184,51.001122228039065,2.328153938832679,12.8715,50.463,3.9445,12.318150520324707,51.38734817504883,2.7332932949066158
90010_07,11.5,53.0,0.7,9.798283571065252,54.82851377840516,1.8741665647907104,11.8215,54.2955,3.675,10.27663803100586,60.65388870239258,2.224363088607788
90010_08,8.9,60.0,0.4,8.256361270299362,59.1957366688502,1.505937948336532,11.283501,57.2135,4.0745,8.763513565063478,67.07627868652344,1.988184690475464
90010_09,7.0,67.0,1.0,6.918723700124447,63.17761523046254,1.3069092510643947,11.2665,57.8705,4.815,7.818054676055907,71.36292266845703,1.8907757997512815
90010_10,7.3,67.0,1.4,5.887886120335747,66.3506155219464,1.24249260283833,11.0575,59.045,4.888,7.260011196136475,74.83572387695312,1.7947571277618408
90010_11,7.3,65.0,1.3,5.054179320984997,68.9483991282277,1.2091152531849452,10.8995,59.6545,4.842,6.936528205871582,77.08184051513672,1.7011489868164062
90010_12,6.1,71.0,2.0,4.261955845756319,71.41653889010921,1.1256890447983732,10.8525,59.5635,4.9399996,6.644283771514893,78.7282485961914,1.6090312004089355
90010_13,5.4,74.0,1.2,3.4685283989213618,73.88894870648619,0.9892300725356772,10.589,61.63,4.643,6.350893497467041,80.03965759277344,1.5170769691467283
90010_14,4.2,77.0,0.6,2.7421862505523884,76.13477668546871,0.8549832628456886,10.243,62.56,4.4060000000000015,6.115169048309326,80.95609283447266,1.4648257493972778
90010_15,3.3,81.0,1.2,2.130830167922527,77.9627035122204,0.7716674704732549,10.059,62.049,4.319,5.938078880310059,81.47224426269531,1.4678558111190796
90010_16,2.8,83.0,1.3,1.577530229319061,79.53634766538809,0.7380515807485353,10.106,60.45399999999999,4.288,5.757063388824463,81.41582489013672,1.5129401683807373
90010_17,2.8,84.0,0.6,1.0074844505650675,81.13688354051601,0.7180378690013446,10.018,59.072,4.416,5.492123603820801,82.0497055053711,1.5523364543914795
90010_18,1.9,87.0,0.8,0.5125779957715224,82.54322602401494,0.6907622119909784,9.919,57.65600000000001,4.128,5.165969371795653,83.70753479003906,1.5254303216934204
90010_19,2.0,90.0,1.1,0.4236379097739391,82.72012089883447,0.6807275175113104,9.83,55.63399999999999,3.513,4.863407611846924,85.37556457519531,1.4121034145355225
90010_20,1.0,89.0,2.417,1.140565070613107,80.32186096391477,0.7387208045547875,9.047,56.148,2.417,4.781099796295166,86.12711334228516,1.2141447067260742
90010_21,1.7,89.0,1.6585,2.8231135591096783,74.74814201876781,0.8968847515519168,11.295,51.159,1.3230000000000002,5.559202671051025,83.20872497558594,1.075109839439392
90010_22,4.8,76.0,0.9,5.203703357926151,66.86950995564689,1.1454832745095045,13.279000000000002,45.83,1.7180000000000002,7.701213836669923,74.8815689086914,1.0530736446380615
90010_23,9.4,64.0,1.0,7.701959453463577,58.718163778685636,1.4514349301327256,14.193,43.40600000000001,1.195,10.548754692077637,61.57270050048828,1.0868704319000244
90010_24,12.2,55.0,1.5,9.762532181360717,52.307760431087395,1.7911899438006076,16.133999,42.367,1.6340001,13.567803382873535,45.85595321655274,1.239440679550171
90010_25,14.8,47.0,2.0,11.142390375178056,48.51355908327596,2.1551773245145243,16.6195,35.79,1.9944999,15.961400985717773,34.68965530395508,1.5288188457489014
90010_26,15.3,44.0,4.5,11.925953768034447,46.88898747965735,2.5153433544147736,17.139,34.9315,2.2430000000000003,17.420953750610348,29.50503921508789,2.0456223487854004
90010_27,15.4,46.0,4.1,12.296410232630462,46.4612026600656,2.794890491006109,17.465999999999998,34.5075,2.6155,17.86164665222168,27.886194229125977,2.741511583328247
90010_28,17.172,35.6245,3.2065,12.302517704040316,46.71209926563779,2.88719578387124,17.172,35.6245,3.2065,17.31739616394043,29.677528381347656,3.2580683231353764
90010_29,16.174,39.71700300000001,3.772,11.83724465770154,47.87680918504724,2.725327912141732,16.174,39.71700300000001,3.772,15.929781913757324,35.35369873046875,3.4650695323944087
90010_30,13.8465,47.0915,4.541,10.821062819011855,50.40682919170364,2.3472836433910422,13.8465,47.0915,4.541,13.90583610534668,44.51887893676758,3.2367064952850337
90010_31,12.980499,48.952,4.1789999999999985,9.382101867289023,54.23571463091442,1.8932928506202784,12.980499,48.952,4.1789999999999985,11.887112617492676,53.17593383789063,2.59810471534729
90010_32,12.313,50.4645,4.3605003,7.839631178022325,58.60442921986228,1.5250604115677309,12.313,50.4645,4.3605003,10.40526294708252,59.49836349487305,1.96481728553772
90010_33,11.8955,51.4115,3.9735,6.501449792694031,62.587797204882285,1.3260274896467248,11.8955,51.4115,3.9735,9.440193176269533,63.94127655029297,1.624256253242493
90010_34,11.832,51.042,4.13,5.470072992401813,65.76228456028267,1.2616062165626416,11.832,51.042,4.13,8.817400932312012,67.28662109375,1.5449540615081787
90010_35,11.336,52.8055,3.9439998,4.635831588361817,68.36155278659339,1.2282238436748258,11.336,52.8055,3.9439998,8.381814002990723,70.10718536376953,1.526521921157837
90010_36,11.712,51.642,3.5974998,3.843078145159887,70.83117464075794,1.144792215548865,11.712,51.642,3.5974998,7.962432384490968,72.60826110839844,1.4380483627319336
